[{ "sku": "KED089097/68/09", "type": "order", "qty": 8 }, { "sku": "DOK019240/66/49", "type": "order", "qty": 4 }, { "sku": "XOE089797/10/74", "type": "refund", "qty": 5 }, { "sku": "KGD740425/40/48", "type": "order", "qty": 6 }, { "sku": "YGH750695/17/53", "type": "order", "qty": 9 }, { "sku": "TZH873296/06/42", "type": "order", "qty": 0 }, { "sku": "JSZ454994/85/17", "type": "order", "qty": 5 }, { "sku": "DOK019240/66/49", "type": "order", "qty": 3 }, { "sku": "LTV719449/39/39", "type": "refund", "qty": 10 }, { "sku": "DDB197432/70/91", "type": "order", "qty": 2 }, { "sku": "APM103457/39/27", "type": "order", "qty": 7 }, { "sku": "CPF246874/77/33", "type": "order", "qty": 8 }, { "sku": "KSS894454/75/76", "type": "refund", "qty": 4 }, { "sku": "EMN370166/29/48", "type": "order", "qty": 9 }, { "sku": "KZK692833/24/76", "type": "order", "qty": 1 }, { "sku": "SCN373096/15/63", "type": "order", "qty": 10 }, { "sku": "KSS894454/75/76", "type": "refund", "qty": 7 }, { "sku": "SMJ806557/56/05", "type": "order", "qty": 1 }, { "sku": "AFF976624/30/90", "type": "order", "qty": 10 }, { "sku": "HXL707218/62/28", "type": "order", "qty": 3 }, { "sku": "PQW737989/43/91", "type": "order", "qty": 3 }, { "sku": "IQZ340003/37/30", "type": "order", "qty": 0 }, { "sku": "SXK331510/08/41", "type": "order", "qty": 1 }, { "sku": "KSS894454/75/76", "type": "order", "qty": 7 }, { "sku": "MDH133414/85/14", "type": "refund", "qty": 5 }, { "sku": "KDM516407/46/14", "type": "order", "qty": 2 }, { "sku": "HPX415896/42/97", "type": "order", "qty": 5 }, { "sku": "GKQ314619/44/04", "type": "order", "qty": 1 }, { "sku": "TZH873296/06/42", "type": "refund", "qty": 3 }, { "sku": "YON323215/74/41", "type": "refund", "qty": 8 }, { "sku": "TZH873296/06/42", "type": "order", "qty": 4 }, { "sku": "AFF976624/30/90", "type": "order", "qty": 1 }, { "sku": "KSS894454/75/76", "type": "order", "qty": 6 }, { "sku": "YPU346838/42/51", "type": "order", "qty": 0 }, { "sku": "SMJ806557/56/05", "type": "order", "qty": 3 }, { "sku": "CLQ274846/07/46", "type": "order", "qty": 4 }, { "sku": "PWX000842/03/47", "type": "order", "qty": 3 }, { "sku": "ZCP838287/58/07", "type": "order", "qty": 1 }, { "sku": "GPV709367/41/53", "type": "order", "qty": 4 }, { "sku": "EEB324132/63/63", "type": "order", "qty": 0 }, { "sku": "KED089097/68/09", "type": "order", "qty": 10 }, { "sku": "APM103457/39/27", "type": "order", "qty": 5 }, { "sku": "LCF762340/73/78", "type": "order", "qty": 1 }, { "sku": "CPF246874/77/33", "type": "order", "qty": 6 }, { "sku": "APM103457/39/27", "type": "order", "qty": 4 }, { "sku": "EEB324132/63/63", "type": "order", "qty": 9 }, { "sku": "IQZ340003/37/30", "type": "refund", "qty": 3 }, { "sku": "CLQ274846/07/46", "type": "order", "qty": 8 }, { "sku": "NDW013510/50/42", "type": "order", "qty": 8 }, { "sku": "LRT321244/74/76", "type": "refund", "qty": 7 }, { "sku": "EDI062104/16/63", "type": "order", "qty": 5 }, { "sku": "UTF434696/37/18", "type": "order", "qty": 5 }, { "sku": "HPX415896/42/97", "type": "order", "qty": 10 }, { "sku": "TVU730483/47/65", "type": "refund", "qty": 7 }, { "sku": "HCN631514/18/05", "type": "order", "qty": 8 }, { "sku": "KED089097/68/09", "type": "order", "qty": 10 }, { "sku": "UTF434696/37/18", "type": "order", "qty": 10 }, { "sku": "PWX000842/03/47", "type": "order", "qty": 8 }, { "sku": "QQO675265/24/21", "type": "order", "qty": 3 }, { "sku": "SMJ806557/56/05", "type": "order", "qty": 4 }, { "sku": "QQO675265/24/21", "type": "order", "qty": 10 }, { "sku": "JSZ454994/85/17", "type": "refund", "qty": 9 }, { "sku": "OYG464088/98/45", "type": "refund", "qty": 6 }, { "sku": "FZV366142/87/47", "type": "order", "qty": 2 }, { "sku": "XOE089797/10/74", "type": "order", "qty": 8 }, { "sku": "QWP084011/40/33", "type": "order", "qty": 9 }, { "sku": "IZP721309/74/90", "type": "order", "qty": 3 }, { "sku": "ZCP838287/58/07", "type": "order", "qty": 0 }, { "sku": "OMH974988/04/66", "type": "order", "qty": 9 }, { "sku": "JSZ454994/85/17", "type": "order", "qty": 7 }, { "sku": "NSW555582/99/27", "type": "order", "qty": 6 }, { "sku": "UMH915687/29/24", "type": "order", "qty": 7 }, { "sku": "NSW555582/99/27", "type": "order", "qty": 10 }, { "sku": "SMJ806557/56/05", "type": "order", "qty": 7 }, { "sku": "LRT321244/74/76", "type": "order", "qty": 10 }, { "sku": "TVV531854/13/03", "type": "order", "qty": 1 }, { "sku": "EMN370166/29/48", "type": "order", "qty": 10 }, { "sku": "SXV420098/71/68", "type": "order", "qty": 4 }, { "sku": "KED089097/68/09", "type": "refund", "qty": 2 }, { "sku": "XZF231780/94/75", "type": "order", "qty": 8 }, { "sku": "NDW013510/50/42", "type": "order", "qty": 6 }, { "sku": "WUU364727/47/81", "type": "order", "qty": 6 }, { "sku": "TVV531854/13/03", "type": "order", "qty": 6 }, { "sku": "NJL093603/01/73", "type": "order", "qty": 1 }, { "sku": "NAX148363/42/24", "type": "order", "qty": 2 }, { "sku": "GXC407349/62/88", "type": "order", "qty": 4 }, { "sku": "HCN631514/18/05", "type": "order", "qty": 0 }, { "sku": "YON323215/74/41", "type": "order", "qty": 8 }, { "sku": "GPV709367/41/53", "type": "refund", "qty": 3 }, { "sku": "IZP721309/74/90", "type": "order", "qty": 0 }, { "sku": "MQI908424/70/79", "type": "order", "qty": 8 }, { "sku": "UTF434696/37/18", "type": "order", "qty": 8 }, { "sku": "MQI908424/70/79", "type": "order", "qty": 8 }, { "sku": "DHJ138836/02/43", "type": "order", "qty": 2 }, { "sku": "UMH915687/29/24", "type": "order", "qty": 0 }, { "sku": "TVU730483/47/65", "type": "order", "qty": 7 }, { "sku": "KPV897515/43/20", "type": "order", "qty": 9 }, { "sku": "YGH750695/17/53", "type": "order", "qty": 10 }, { "sku": "EEB324132/63/63", "type": "order", "qty": 3 }, { "sku": "FKO136294/98/95", "type": "order", "qty": 1 }, { "sku": "MQI908424/70/79", "type": "order", "qty": 9 }, { "sku": "OPC383154/11/25", "type": "order", "qty": 7 }, { "sku": "GPV709367/41/53", "type": "order", "qty": 2 }, { "sku": "QPD162093/97/59", "type": "order", "qty": 9 }, { "sku": "KSS894454/75/76", "type": "order", "qty": 9 }, { "sku": "CPF246874/77/33", "type": "order", "qty": 2 }, { "sku": "KGD740425/40/48", "type": "order", "qty": 10 }, { "sku": "KZK692833/24/76", "type": "order", "qty": 10 }, { "sku": "YPU346838/42/51", "type": "order", "qty": 5 }, { "sku": "MQO013465/10/41", "type": "order", "qty": 3 }, { "sku": "EDI062104/16/63", "type": "order", "qty": 2 }, { "sku": "DHJ381555/46/84", "type": "order", "qty": 0 }, { "sku": "RIR591697/29/61", "type": "order", "qty": 10 }, { "sku": "WUU364727/47/81", "type": "order", "qty": 3 }, { "sku": "PGL751486/42/83", "type": "order", "qty": 3 }, { "sku": "OYG464088/98/45", "type": "order", "qty": 0 }, { "sku": "IQZ340003/37/30", "type": "order", "qty": 8 }, { "sku": "DHJ138836/02/43", "type": "order", "qty": 0 }, { "sku": "OPC383154/11/25", "type": "order", "qty": 5 }, { "sku": "PWX000842/03/47", "type": "order", "qty": 6 }, { "sku": "MQO013465/10/41", "type": "order", "qty": 10 }, { "sku": "AFF976624/30/90", "type": "order", "qty": 2 }, { "sku": "NPR640416/53/91", "type": "order", "qty": 6 }, { "sku": "NJL093603/01/73", "type": "order", "qty": 4 }, { "sku": "DHJ381555/46/84", "type": "order", "qty": 3 }, { "sku": "YGU851012/53/29", "type": "order", "qty": 4 }, { "sku": "ULA310345/04/94", "type": "order", "qty": 5 }, { "sku": "HCN631514/18/05", "type": "order", "qty": 3 }, { "sku": "DDB197432/70/91", "type": "order", "qty": 3 }, { "sku": "TVN783304/18/16", "type": "order", "qty": 4 }, { "sku": "IZP721309/74/90", "type": "order", "qty": 3 }, { "sku": "EMN370166/29/48", "type": "order", "qty": 9 }, { "sku": "CPF246874/77/33", "type": "order", "qty": 7 }, { "sku": "LCF762340/73/78", "type": "refund", "qty": 9 }, { "sku": "SRF164713/20/36", "type": "order", "qty": 7 }, { "sku": "ZZY781086/99/42", "type": "order", "qty": 9 }, { "sku": "BLW357145/52/57", "type": "order", "qty": 10 }, { "sku": "YGH750695/17/53", "type": "order", "qty": 9 }, { "sku": "FKO136294/98/95", "type": "order", "qty": 2 }, { "sku": "PRO481716/07/95", "type": "order", "qty": 8 }, { "sku": "IZP721309/74/90", "type": "order", "qty": 7 }, { "sku": "SJH146913/58/03", "type": "order", "qty": 1 }, { "sku": "YGH750695/17/53", "type": "order", "qty": 1 }, { "sku": "SXK331510/08/41", "type": "order", "qty": 2 }, { "sku": "RIR591697/29/61", "type": "order", "qty": 0 }, { "sku": "DTW874360/97/81", "type": "order", "qty": 9 }, { "sku": "FZV366142/87/47", "type": "order", "qty": 2 }, { "sku": "KZK692833/24/76", "type": "order", "qty": 0 }, { "sku": "SVP461621/17/23", "type": "order", "qty": 4 }, { "sku": "JSZ454994/85/17", "type": "refund", "qty": 1 }, { "sku": "BLW357145/52/57", "type": "order", "qty": 0 }, { "sku": "DOK019240/66/49", "type": "order", "qty": 9 }, { "sku": "QPD162093/97/59", "type": "order", "qty": 5 }, { "sku": "JSZ454994/85/17", "type": "order", "qty": 6 }, { "sku": "EEB324132/63/63", "type": "order", "qty": 6 }, { "sku": "NPR640416/53/91", "type": "order", "qty": 8 }, { "sku": "JGH448863/97/72", "type": "order", "qty": 6 }, { "sku": "QQO675265/24/21", "type": "order", "qty": 7 }, { "sku": "SRF164713/20/36", "type": "order", "qty": 10 }, { "sku": "ILJ610772/87/04", "type": "order", "qty": 10 }, { "sku": "NDW013510/50/42", "type": "order", "qty": 10 }, { "sku": "WBF948633/60/34", "type": "order", "qty": 9 }, { "sku": "QPD162093/97/59", "type": "order", "qty": 0 }, { "sku": "NPR640416/53/91", "type": "order", "qty": 5 }, { "sku": "KDM516407/46/14", "type": "order", "qty": 3 }, { "sku": "YPU346838/42/51", "type": "order", "qty": 10 }, { "sku": "NJL093603/01/73", "type": "order", "qty": 4 }, { "sku": "YGH750695/17/53", "type": "order", "qty": 2 }, { "sku": "OVY768503/84/79", "type": "order", "qty": 3 }, { "sku": "WNG145754/36/02", "type": "order", "qty": 9 }, { "sku": "YPU346838/42/51", "type": "order", "qty": 9 }, { "sku": "ULA310345/04/94", "type": "order", "qty": 1 }, { "sku": "MRP846986/84/16", "type": "refund", "qty": 8 }, { "sku": "DHJ381555/46/84", "type": "order", "qty": 6 }, { "sku": "TVN783304/18/16", "type": "order", "qty": 4 }, { "sku": "XEU169192/11/27", "type": "order", "qty": 6 }, { "sku": "UTF434696/37/18", "type": "order", "qty": 10 }, { "sku": "ENN169733/05/69", "type": "order", "qty": 9 }, { "sku": "APM103457/39/27", "type": "order", "qty": 8 }, { "sku": "JGH448863/97/72", "type": "order", "qty": 0 }, { "sku": "OMH974988/04/66", "type": "order", "qty": 6 }, { "sku": "KPV897515/43/20", "type": "order", "qty": 2 }, { "sku": "QWP084011/40/33", "type": "order", "qty": 0 }, { "sku": "EEB324132/63/63", "type": "order", "qty": 9 }, { "sku": "BLW357145/52/57", "type": "order", "qty": 1 }, { "sku": "WUU364727/47/81", "type": "order", "qty": 5 }, { "sku": "SVP461621/17/23", "type": "order", "qty": 10 }, { "sku": "FKO136294/98/95", "type": "refund", "qty": 1 }, { "sku": "ENN169733/05/69", "type": "order", "qty": 6 }, { "sku": "BAJ526361/18/08", "type": "order", "qty": 4 }, { "sku": "OMH974988/04/66", "type": "order", "qty": 4 }, { "sku": "RTA872532/57/24", "type": "order", "qty": 9 }, { "sku": "LTV719449/39/39", "type": "order", "qty": 7 }, { "sku": "OMH974988/04/66", "type": "order", "qty": 7 }, { "sku": "NAX148363/42/24", "type": "order", "qty": 5 }, { "sku": "TZH873296/06/42", "type": "order", "qty": 0 }, { "sku": "KSS894454/75/76", "type": "order", "qty": 8 }, { "sku": "PQW737989/43/91", "type": "refund", "qty": 3 }, { "sku": "LRT321244/74/76", "type": "order", "qty": 7 }, { "sku": "PWX000842/03/47", "type": "order", "qty": 10 }, { "sku": "SMJ806557/56/05", "type": "order", "qty": 7 }, { "sku": "LCF762340/73/78", "type": "order", "qty": 7 }, { "sku": "XEU169192/11/27", "type": "order", "qty": 1 }, { "sku": "DHJ381555/46/84", "type": "order", "qty": 5 }, { "sku": "OMH974988/04/66", "type": "order", "qty": 10 }, { "sku": "NDW013510/50/42", "type": "order", "qty": 6 }, { "sku": "ULA310345/04/94", "type": "order", "qty": 0 }, { "sku": "MRP846986/84/16", "type": "order", "qty": 7 }, { "sku": "UTF434696/37/18", "type": "order", "qty": 5 }, { "sku": "LRT321244/74/76", "type": "order", "qty": 6 }, { "sku": "WNG145754/36/02", "type": "order", "qty": 7 }, { "sku": "OMH974988/04/66", "type": "order", "qty": 7 }, { "sku": "NAX148363/42/24", "type": "order", "qty": 4 }, { "sku": "DHJ381555/46/84", "type": "order", "qty": 6 }, { "sku": "SVP461621/17/23", "type": "order", "qty": 2 }, { "sku": "PQW737989/43/91", "type": "order", "qty": 3 }, { "sku": "XEU169192/11/27", "type": "order", "qty": 1 }, { "sku": "NSW555582/99/27", "type": "order", "qty": 8 }, { "sku": "QWP084011/40/33", "type": "order", "qty": 10 }, { "sku": "TIN917385/73/82", "type": "refund", "qty": 6 }, { "sku": "PQW737989/43/91", "type": "order", "qty": 1 }, { "sku": "BLW357145/52/57", "type": "refund", "qty": 3 }, { "sku": "SAL508741/19/43", "type": "order", "qty": 10 }, { "sku": "CLQ274846/07/46", "type": "refund", "qty": 4 }, { "sku": "OYG464088/98/45", "type": "order", "qty": 6 }, { "sku": "DXQ324600/17/58", "type": "refund", "qty": 1 }, { "sku": "YON323215/74/41", "type": "order", "qty": 5 }, { "sku": "SJH146913/58/03", "type": "order", "qty": 8 }, { "sku": "YGH750695/17/53", "type": "order", "qty": 3 }, { "sku": "PGL751486/42/83", "type": "order", "qty": 1 }, { "sku": "BAJ526361/18/08", "type": "order", "qty": 5 }, { "sku": "PRO481716/07/95", "type": "order", "qty": 5 }, { "sku": "VMH129044/23/71", "type": "order", "qty": 4 }, { "sku": "KZK692833/24/76", "type": "order", "qty": 5 }, { "sku": "JKF995902/28/73", "type": "refund", "qty": 5 }, { "sku": "QQO675265/24/21", "type": "order", "qty": 10 }, { "sku": "TIN917385/73/82", "type": "order", "qty": 6 }, { "sku": "BAJ526361/18/08", "type": "order", "qty": 3 }, { "sku": "SXV420098/71/68", "type": "order", "qty": 5 }, { "sku": "PGL751486/42/83", "type": "order", "qty": 8 }, { "sku": "NJL093603/01/73", "type": "refund", "qty": 10 }, { "sku": "ENN169733/05/69", "type": "refund", "qty": 10 }, { "sku": "KZK692833/24/76", "type": "order", "qty": 0 }, { "sku": "HPX415896/42/97", "type": "order", "qty": 9 }, { "sku": "YPU346838/42/51", "type": "order", "qty": 3 }, { "sku": "DOK019240/66/49", "type": "order", "qty": 6 }, { "sku": "DDB197432/70/91", "type": "order", "qty": 7 }, { "sku": "HGG795032/35/91", "type": "order", "qty": 7 }, { "sku": "YGU851012/53/29", "type": "order", "qty": 10 }, { "sku": "ILJ610772/87/04", "type": "order", "qty": 6 }, { "sku": "EMN370166/29/48", "type": "order", "qty": 9 }, { "sku": "NJL093603/01/73", "type": "order", "qty": 6 }, { "sku": "CPF246874/77/33", "type": "order", "qty": 8 }, { "sku": "PQW737989/43/91", "type": "order", "qty": 10 }, { "sku": "IQZ340003/37/30", "type": "order", "qty": 9 }, { "sku": "DOK019240/66/49", "type": "order", "qty": 2 }, { "sku": "KSS894454/75/76", "type": "order", "qty": 4 }, { "sku": "CLQ274846/07/46", "type": "order", "qty": 5 }, { "sku": "ENN169733/05/69", "type": "refund", "qty": 2 }, { "sku": "GKQ314619/44/04", "type": "order", "qty": 2 }, { "sku": "ZCP838287/58/07", "type": "order", "qty": 6 }, { "sku": "KGD740425/40/48", "type": "order", "qty": 6 }, { "sku": "RCD438149/42/77", "type": "order", "qty": 1 }, { "sku": "FKO136294/98/95", "type": "order", "qty": 10 }, { "sku": "PQW737989/43/91", "type": "order", "qty": 4 }, { "sku": "HPL673886/40/76", "type": "order", "qty": 6 }, { "sku": "NDW013510/50/42", "type": "order", "qty": 2 }, { "sku": "SXB930757/87/87", "type": "order", "qty": 1 }, { "sku": "KGD740425/40/48", "type": "order", "qty": 7 }, { "sku": "OVY768503/84/79", "type": "order", "qty": 4 }, { "sku": "KZK692833/24/76", "type": "order", "qty": 5 }, { "sku": "UTF434696/37/18", "type": "refund", "qty": 1 }, { "sku": "SJH146913/58/03", "type": "order", "qty": 7 }, { "sku": "SJH146913/58/03", "type": "refund", "qty": 5 }, { "sku": "YGU851012/53/29", "type": "order", "qty": 9 }, { "sku": "YGH750695/17/53", "type": "order", "qty": 5 }, { "sku": "QKH540824/67/11", "type": "order", "qty": 5 }, { "sku": "VMH129044/23/71", "type": "order", "qty": 0 }, { "sku": "BLW357145/52/57", "type": "order", "qty": 8 }, { "sku": "OVY768503/84/79", "type": "refund", "qty": 5 }, { "sku": "EMN370166/29/48", "type": "order", "qty": 10 }, { "sku": "LTV719449/39/39", "type": "order", "qty": 5 }, { "sku": "NPR640416/53/91", "type": "order", "qty": 6 }, { "sku": "KZK692833/24/76", "type": "order", "qty": 2 }, { "sku": "KPV897515/43/20", "type": "order", "qty": 0 }, { "sku": "DHJ381555/46/84", "type": "order", "qty": 5 }, { "sku": "GXC407349/62/88", "type": "order", "qty": 8 }, { "sku": "BLW357145/52/57", "type": "order", "qty": 6 }, { "sku": "TVV531854/13/03", "type": "order", "qty": 1 }, { "sku": "JKF995902/28/73", "type": "order", "qty": 3 }, { "sku": "JSZ454994/85/17", "type": "order", "qty": 4 }, { "sku": "DTW874360/97/81", "type": "order", "qty": 8 }, { "sku": "IQZ340003/37/30", "type": "order", "qty": 4 }, { "sku": "BLW357145/52/57", "type": "order", "qty": 6 }, { "sku": "BGZ200017/86/40", "type": "refund", "qty": 0 }, { "sku": "PWX000842/03/47", "type": "refund", "qty": 6 }, { "sku": "YKT849667/75/10", "type": "order", "qty": 5 }, { "sku": "NPR640416/53/91", "type": "order", "qty": 2 }, { "sku": "ILJ610772/87/04", "type": "order", "qty": 2 }, { "sku": "XEU169192/11/27", "type": "order", "qty": 4 }, { "sku": "SXB930757/87/87", "type": "order", "qty": 2 }, { "sku": "SVP461621/17/23", "type": "refund", "qty": 4 }, { "sku": "PQW737989/43/91", "type": "order", "qty": 6 }, { "sku": "GKQ314619/44/04", "type": "order", "qty": 3 }, { "sku": "NJL093603/01/73", "type": "refund", "qty": 9 }, { "sku": "ZCP838287/58/07", "type": "order", "qty": 6 }, { "sku": "ELK743612/34/57", "type": "order", "qty": 5 }, { "sku": "UTF434696/37/18", "type": "order", "qty": 2 }, { "sku": "EEB324132/63/63", "type": "order", "qty": 5 }, { "sku": "XEU169192/11/27", "type": "order", "qty": 10 }, { "sku": "YPU346838/42/51", "type": "order", "qty": 6 }, { "sku": "WUU364727/47/81", "type": "order", "qty": 2 }, { "sku": "YGU851012/53/29", "type": "order", "qty": 1 }, { "sku": "HCN631514/18/05", "type": "order", "qty": 7 }, { "sku": "QQO675265/24/21", "type": "order", "qty": 5 }, { "sku": "KSS894454/75/76", "type": "order", "qty": 9 }, { "sku": "SVP461621/17/23", "type": "order", "qty": 9 }, { "sku": "RTA872532/57/24", "type": "refund", "qty": 2 }, { "sku": "JPT097835/14/99", "type": "order", "qty": 2 }, { "sku": "FKO136294/98/95", "type": "order", "qty": 6 }, { "sku": "ENN169733/05/69", "type": "order", "qty": 5 }, { "sku": "ISF099639/86/90", "type": "order", "qty": 2 }, { "sku": "XEU169192/11/27", "type": "order", "qty": 8 }, { "sku": "LTV719449/39/39", "type": "order", "qty": 1 }, { "sku": "RCD438149/42/77", "type": "order", "qty": 2 }, { "sku": "TIN917385/73/82", "type": "order", "qty": 10 }, { "sku": "ISF099639/86/90", "type": "order", "qty": 5 }, { "sku": "VYM838980/39/17", "type": "order", "qty": 3 }, { "sku": "LRT321244/74/76", "type": "order", "qty": 6 }, { "sku": "KSS894454/75/76", "type": "order", "qty": 10 }, { "sku": "ILJ610772/87/04", "type": "order", "qty": 3 }, { "sku": "SAL508741/19/43", "type": "order", "qty": 9 }, { "sku": "DHJ381555/46/84", "type": "order", "qty": 0 }, { "sku": "MRP846986/84/16", "type": "refund", "qty": 4 }, { "sku": "TVU730483/47/65", "type": "order", "qty": 0 }, { "sku": "ELK743612/34/57", "type": "order", "qty": 5 }, { "sku": "MQO013465/10/41", "type": "order", "qty": 10 }, { "sku": "PRO481716/07/95", "type": "order", "qty": 4 }, { "sku": "IZP721309/74/90", "type": "order", "qty": 1 }, { "sku": "VMH129044/23/71", "type": "order", "qty": 2 }, { "sku": "DTW874360/97/81", "type": "order", "qty": 4 }, { "sku": "MMU823900/96/22", "type": "order", "qty": 6 }, { "sku": "JSZ454994/85/17", "type": "order", "qty": 5 }, { "sku": "DXQ324600/17/58", "type": "order", "qty": 9 }, { "sku": "EMN370166/29/48", "type": "order", "qty": 10 }, { "sku": "SCN373096/15/63", "type": "order", "qty": 10 }, { "sku": "IZP721309/74/90", "type": "order", "qty": 3 }, { "sku": "CPF246874/77/33", "type": "order", "qty": 6 }, { "sku": "WNG145754/36/02", "type": "refund", "qty": 2 }, { "sku": "ZES180290/58/46", "type": "order", "qty": 4 }, { "sku": "KDM516407/46/14", "type": "order", "qty": 9 }, { "sku": "UTF434696/37/18", "type": "order", "qty": 9 }, { "sku": "RCD438149/42/77", "type": "order", "qty": 1 }, { "sku": "OPC383154/11/25", "type": "order", "qty": 0 }, { "sku": "JSZ454994/85/17", "type": "refund", "qty": 1 }, { "sku": "XEU169192/11/27", "type": "order", "qty": 3 }, { "sku": "TIN917385/73/82", "type": "order", "qty": 0 }, { "sku": "LTV719449/39/39", "type": "order", "qty": 9 }, { "sku": "JPT097835/14/99", "type": "order", "qty": 3 }, { "sku": "TIN917385/73/82", "type": "order", "qty": 2 }, { "sku": "SXK331510/08/41", "type": "order", "qty": 3 }, { "sku": "MRP846986/84/16", "type": "order", "qty": 1 }, { "sku": "APM103457/39/27", "type": "order", "qty": 7 }, { "sku": "QQO675265/24/21", "type": "order", "qty": 7 }, { "sku": "NJL093603/01/73", "type": "order", "qty": 7 }, { "sku": "YON323215/74/41", "type": "order", "qty": 3 }, { "sku": "EDI062104/16/63", "type": "order", "qty": 1 }, { "sku": "NAX148363/42/24", "type": "refund", "qty": 9 }, { "sku": "DOK019240/66/49", "type": "order", "qty": 8 }, { "sku": "ZCP838287/58/07", "type": "order", "qty": 6 }, { "sku": "PQW737989/43/91", "type": "order", "qty": 2 }, { "sku": "QQO675265/24/21", "type": "order", "qty": 4 }, { "sku": "SMJ806557/56/05", "type": "order", "qty": 6 }, { "sku": "XZF231780/94/75", "type": "order", "qty": 10 }, { "sku": "EMN370166/29/48", "type": "order", "qty": 0 }, { "sku": "KZK692833/24/76", "type": "order", "qty": 1 }, { "sku": "WUU364727/47/81", "type": "order", "qty": 1 }, { "sku": "NSW555582/99/27", "type": "order", "qty": 4 }, { "sku": "WNG145754/36/02", "type": "order", "qty": 9 }, { "sku": "WUU364727/47/81", "type": "refund", "qty": 4 }, { "sku": "KSS894454/75/76", "type": "refund", "qty": 7 }, { "sku": "NMK838808/89/94", "type": "refund", "qty": 0 }, { "sku": "TVN783304/18/16", "type": "order", "qty": 4 }, { "sku": "SXV420098/71/68", "type": "order", "qty": 1 }, { "sku": "DDB197432/70/91", "type": "order", "qty": 3 }, { "sku": "EEB324132/63/63", "type": "order", "qty": 10 }, { "sku": "CLQ274846/07/46", "type": "order", "qty": 7 }, { "sku": "DDB197432/70/91", "type": "order", "qty": 5 }, { "sku": "SXB930757/87/87", "type": "order", "qty": 10 }, { "sku": "SJH146913/58/03", "type": "order", "qty": 5 }, { "sku": "KPV897515/43/20", "type": "order", "qty": 5 }, { "sku": "KSS894454/75/76", "type": "order", "qty": 2 }, { "sku": "DTW874360/97/81", "type": "order", "qty": 0 }, { "sku": "SXB930757/87/87", "type": "refund", "qty": 9 }, { "sku": "XOE089797/10/74", "type": "refund", "qty": 0 }, { "sku": "QKH540824/67/11", "type": "order", "qty": 0 }, { "sku": "QWP084011/40/33", "type": "order", "qty": 1 }, { "sku": "OPC383154/11/25", "type": "order", "qty": 1 }, { "sku": "KSS894454/75/76", "type": "order", "qty": 10 }, { "sku": "KED089097/68/09", "type": "order", "qty": 4 }, { "sku": "SMJ806557/56/05", "type": "order", "qty": 0 }, { "sku": "GKQ314619/44/04", "type": "order", "qty": 8 }, { "sku": "DHJ138836/02/43", "type": "order", "qty": 1 }, { "sku": "QWP084011/40/33", "type": "order", "qty": 7 }, { "sku": "OYG464088/98/45", "type": "order", "qty": 6 }, { "sku": "MDH133414/85/14", "type": "order", "qty": 1 }, { "sku": "MQI908424/70/79", "type": "order", "qty": 9 }, { "sku": "BLW357145/52/57", "type": "order", "qty": 3 }, { "sku": "YGH750695/17/53", "type": "order", "qty": 5 }, { "sku": "SRF164713/20/36", "type": "order", "qty": 0 }, { "sku": "FKO136294/98/95", "type": "order", "qty": 9 }, { "sku": "ZES180290/58/46", "type": "order", "qty": 10 }, { "sku": "SAL508741/19/43", "type": "order", "qty": 5 }, { "sku": "SVP461621/17/23", "type": "order", "qty": 7 }, { "sku": "RIR591697/29/61", "type": "refund", "qty": 3 }, { "sku": "EMN370166/29/48", "type": "order", "qty": 2 }, { "sku": "VMH129044/23/71", "type": "refund", "qty": 2 }, { "sku": "SMJ806557/56/05", "type": "order", "qty": 7 }, { "sku": "NMK838808/89/94", "type": "order", "qty": 5 }, { "sku": "WBF948633/60/34", "type": "order", "qty": 4 }, { "sku": "RTA872532/57/24", "type": "order", "qty": 9 }, { "sku": "AFF976624/30/90", "type": "order", "qty": 10 }, { "sku": "IQZ340003/37/30", "type": "order", "qty": 5 }, { "sku": "EMN370166/29/48", "type": "order", "qty": 9 }, { "sku": "JSZ454994/85/17", "type": "order", "qty": 10 }, { "sku": "XOE089797/10/74", "type": "refund", "qty": 4 }, { "sku": "KSS894454/75/76", "type": "order", "qty": 10 }, { "sku": "XEU169192/11/27", "type": "order", "qty": 2 }, { "sku": "KPV897515/43/20", "type": "order", "qty": 2 }, { "sku": "ENN169733/05/69", "type": "order", "qty": 2 }, { "sku": "SVP461621/17/23", "type": "order", "qty": 8 }, { "sku": "MQI908424/70/79", "type": "order", "qty": 4 }, { "sku": "KSS894454/75/76", "type": "refund", "qty": 2 }, { "sku": "SMJ806557/56/05", "type": "refund", "qty": 5 }, { "sku": "RTA872532/57/24", "type": "order", "qty": 7 }, { "sku": "KGD740425/40/48", "type": "order", "qty": 7 }, { "sku": "RTA872532/57/24", "type": "order", "qty": 0 }, { "sku": "QPD162093/97/59", "type": "order", "qty": 5 }, { "sku": "BGZ200017/86/40", "type": "order", "qty": 0 }, { "sku": "CPF246874/77/33", "type": "order", "qty": 1 }, { "sku": "TIN917385/73/82", "type": "order", "qty": 4 }, { "sku": "MDH133414/85/14", "type": "order", "qty": 10 }, { "sku": "DHJ381555/46/84", "type": "order", "qty": 5 }, { "sku": "KDM516407/46/14", "type": "order", "qty": 7 }, { "sku": "JSZ454994/85/17", "type": "order", "qty": 3 }, { "sku": "IZP721309/74/90", "type": "refund", "qty": 4 }, { "sku": "EEB324132/63/63", "type": "order", "qty": 4 }, { "sku": "LCF762340/73/78", "type": "order", "qty": 9 }, { "sku": "BAJ526361/18/08", "type": "order", "qty": 9 }, { "sku": "EEB324132/63/63", "type": "refund", "qty": 7 }, { "sku": "MMU823900/96/22", "type": "order", "qty": 8 }, { "sku": "SXB930757/87/87", "type": "order", "qty": 2 }, { "sku": "ZCP838287/58/07", "type": "order", "qty": 0 }, { "sku": "MMU823900/96/22", "type": "refund", "qty": 5 }, { "sku": "DTW874360/97/81", "type": "refund", "qty": 7 }, { "sku": "LLG964262/20/67", "type": "order", "qty": 6 }, { "sku": "OMH974988/04/66", "type": "order", "qty": 6 }, { "sku": "JKF995902/28/73", "type": "order", "qty": 4 }, { "sku": "HCN631514/18/05", "type": "order", "qty": 10 }, { "sku": "CPF246874/77/33", "type": "order", "qty": 5 }, { "sku": "JGH448863/97/72", "type": "order", "qty": 4 }, { "sku": "KSS894454/75/76", "type": "order", "qty": 5 }, { "sku": "DHJ381555/46/84", "type": "refund", "qty": 8 }, { "sku": "ISF099639/86/90", "type": "order", "qty": 7 }, { "sku": "JPT097835/14/99", "type": "order", "qty": 5 }, { "sku": "QKH540824/67/11", "type": "order", "qty": 4 }, { "sku": "RTA872532/57/24", "type": "order", "qty": 10 }, { "sku": "NMK838808/89/94", "type": "order", "qty": 3 }, { "sku": "KPV897515/43/20", "type": "order", "qty": 1 }, { "sku": "DOK019240/66/49", "type": "order", "qty": 7 }, { "sku": "LLG964262/20/67", "type": "order", "qty": 8 }, { "sku": "HCN631514/18/05", "type": "order", "qty": 3 }, { "sku": "PQW737989/43/91", "type": "order", "qty": 10 }, { "sku": "LTV719449/39/39", "type": "order", "qty": 7 }, { "sku": "GXC407349/62/88", "type": "order", "qty": 3 }, { "sku": "PRO481716/07/95", "type": "order", "qty": 3 }, { "sku": "KSS894454/75/76", "type": "order", "qty": 0 }, { "sku": "MRP846986/84/16", "type": "refund", "qty": 1 }, { "sku": "ELK743612/34/57", "type": "order", "qty": 3 }, { "sku": "MDH133414/85/14", "type": "order", "qty": 6 }, { "sku": "SXB930757/87/87", "type": "order", "qty": 6 }, { "sku": "FKO136294/98/95", "type": "order", "qty": 1 }, { "sku": "OYG464088/98/45", "type": "order", "qty": 5 }, { "sku": "MDH133414/85/14", "type": "order", "qty": 3 }, { "sku": "PRO481716/07/95", "type": "order", "qty": 6 }, { "sku": "SAL508741/19/43", "type": "order", "qty": 10 }, { "sku": "NPR640416/53/91", "type": "order", "qty": 10 }, { "sku": "MMU823900/96/22", "type": "order", "qty": 1 }, { "sku": "DHJ381555/46/84", "type": "order", "qty": 8 }, { "sku": "OPC383154/11/25", "type": "order", "qty": 5 }, { "sku": "IQZ340003/37/30", "type": "refund", "qty": 9 }, { "sku": "ZZY781086/99/42", "type": "order", "qty": 2 }, { "sku": "FKO136294/98/95", "type": "order", "qty": 10 }, { "sku": "PWX000842/03/47", "type": "order", "qty": 5 }, { "sku": "DXQ324600/17/58", "type": "order", "qty": 9 }, { "sku": "QKH540824/67/11", "type": "order", "qty": 7 }, { "sku": "SXV420098/71/68", "type": "order", "qty": 7 }, { "sku": "ENN169733/05/69", "type": "order", "qty": 3 }, { "sku": "VMH129044/23/71", "type": "order", "qty": 6 }, { "sku": "LTV719449/39/39", "type": "order", "qty": 5 }, { "sku": "ISF099639/86/90", "type": "order", "qty": 3 }, { "sku": "HPX415896/42/97", "type": "order", "qty": 5 }, { "sku": "MMU823900/96/22", "type": "order", "qty": 4 }, { "sku": "ILJ610772/87/04", "type": "order", "qty": 8 }, { "sku": "EMN370166/29/48", "type": "refund", "qty": 9 }, { "sku": "OYG464088/98/45", "type": "order", "qty": 4 }, { "sku": "MQO013465/10/41", "type": "order", "qty": 7 }, { "sku": "BLW357145/52/57", "type": "order", "qty": 0 }, { "sku": "KDM516407/46/14", "type": "order", "qty": 10 }, { "sku": "DXQ324600/17/58", "type": "order", "qty": 9 }, { "sku": "JSZ454994/85/17", "type": "order", "qty": 7 }, { "sku": "SRF164713/20/36", "type": "order", "qty": 9 }, { "sku": "SVP461621/17/23", "type": "order", "qty": 5 }, { "sku": "EMN370166/29/48", "type": "order", "qty": 0 }, { "sku": "SVP461621/17/23", "type": "order", "qty": 10 }, { "sku": "QWP084011/40/33", "type": "order", "qty": 8 }, { "sku": "QQO675265/24/21", "type": "order", "qty": 7 }, { "sku": "NJL093603/01/73", "type": "order", "qty": 8 }, { "sku": "JKF995902/28/73", "type": "order", "qty": 9 }, { "sku": "XEU169192/11/27", "type": "order", "qty": 6 }, { "sku": "NAX148363/42/24", "type": "order", "qty": 8 }, { "sku": "DHJ138836/02/43", "type": "order", "qty": 5 }, { "sku": "MDH133414/85/14", "type": "order", "qty": 4 }, { "sku": "YGU851012/53/29", "type": "order", "qty": 9 }, { "sku": "KGD740425/40/48", "type": "order", "qty": 7 }, { "sku": "GKQ314619/44/04", "type": "order", "qty": 1 }, { "sku": "JKF995902/28/73", "type": "order", "qty": 6 }, { "sku": "NJL093603/01/73", "type": "refund", "qty": 0 }, { "sku": "MRP846986/84/16", "type": "refund", "qty": 2 }, { "sku": "HPL673886/40/76", "type": "order", "qty": 7 }, { "sku": "SMJ806557/56/05", "type": "order", "qty": 1 }, { "sku": "WUU364727/47/81", "type": "order", "qty": 10 }, { "sku": "SXV420098/71/68", "type": "order", "qty": 2 }, { "sku": "TIN917385/73/82", "type": "order", "qty": 2 }, { "sku": "FZV366142/87/47", "type": "order", "qty": 10 }, { "sku": "MRP846986/84/16", "type": "order", "qty": 5 }, { "sku": "KZK692833/24/76", "type": "order", "qty": 5 }, { "sku": "ZCP838287/58/07", "type": "order", "qty": 5 }, { "sku": "NDW013510/50/42", "type": "order", "qty": 9 }, { "sku": "MRP846986/84/16", "type": "order", "qty": 9 }, { "sku": "SVP461621/17/23", "type": "order", "qty": 0 }, { "sku": "RCD438149/42/77", "type": "order", "qty": 2 }, { "sku": "ULA310345/04/94", "type": "refund", "qty": 6 }, { "sku": "BAJ526361/18/08", "type": "order", "qty": 8 }, { "sku": "QQO675265/24/21", "type": "order", "qty": 7 }, { "sku": "BAJ526361/18/08", "type": "order", "qty": 0 }, { "sku": "JPT097835/14/99", "type": "refund", "qty": 4 }, { "sku": "JPT097835/14/99", "type": "order", "qty": 8 }, { "sku": "TVU730483/47/65", "type": "order", "qty": 4 }, { "sku": "CPF246874/77/33", "type": "order", "qty": 10 }, { "sku": "JKF995902/28/73", "type": "order", "qty": 9 }, { "sku": "SRF164713/20/36", "type": "order", "qty": 9 }, { "sku": "OVY768503/84/79", "type": "order", "qty": 1 }, { "sku": "ELK743612/34/57", "type": "order", "qty": 4 }, { "sku": "PWX000842/03/47", "type": "order", "qty": 0 }, { "sku": "ZCP838287/58/07", "type": "order", "qty": 3 }, { "sku": "KPV897515/43/20", "type": "order", "qty": 2 }, { "sku": "KDM516407/46/14", "type": "order", "qty": 5 }, { "sku": "GXC407349/62/88", "type": "refund", "qty": 10 }, { "sku": "PGL751486/42/83", "type": "order", "qty": 6 }, { "sku": "HGG795032/35/91", "type": "order", "qty": 6 }, { "sku": "KGD740425/40/48", "type": "order", "qty": 6 }, { "sku": "OVY768503/84/79", "type": "order", "qty": 3 }, { "sku": "QKH540824/67/11", "type": "order", "qty": 0 }, { "sku": "XEU169192/11/27", "type": "order", "qty": 10 }, { "sku": "NJL093603/01/73", "type": "order", "qty": 8 }, { "sku": "DDB197432/70/91", "type": "order", "qty": 0 }, { "sku": "SXV420098/71/68", "type": "order", "qty": 1 }, { "sku": "LTV719449/39/39", "type": "order", "qty": 0 }, { "sku": "NMK838808/89/94", "type": "order", "qty": 7 }, { "sku": "NDW013510/50/42", "type": "order", "qty": 0 }, { "sku": "KDM516407/46/14", "type": "order", "qty": 10 }, { "sku": "XZF231780/94/75", "type": "order", "qty": 6 }, { "sku": "SXV420098/71/68", "type": "order", "qty": 3 }, { "sku": "ZCP838287/58/07", "type": "order", "qty": 9 }, { "sku": "SMJ806557/56/05", "type": "order", "qty": 3 }, { "sku": "YGU851012/53/29", "type": "order", "qty": 7 }, { "sku": "ZES180290/58/46", "type": "order", "qty": 2 }, { "sku": "RCD438149/42/77", "type": "order", "qty": 6 }, { "sku": "UTF434696/37/18", "type": "order", "qty": 4 }, { "sku": "KED089097/68/09", "type": "order", "qty": 6 }, { "sku": "HPX415896/42/97", "type": "order", "qty": 9 }, { "sku": "MQI908424/70/79", "type": "order", "qty": 5 }, { "sku": "NJL093603/01/73", "type": "refund", "qty": 9 }, { "sku": "WBF948633/60/34", "type": "order", "qty": 1 }, { "sku": "DXQ324600/17/58", "type": "order", "qty": 10 }, { "sku": "ZES180290/58/46", "type": "order", "qty": 1 }, { "sku": "NPR640416/53/91", "type": "refund", "qty": 5 }, { "sku": "GKQ314619/44/04", "type": "refund", "qty": 0 }, { "sku": "EMN370166/29/48", "type": "order", "qty": 4 }, { "sku": "NDW013510/50/42", "type": "order", "qty": 9 }, { "sku": "RCD438149/42/77", "type": "order", "qty": 10 }, { "sku": "DHJ138836/02/43", "type": "order", "qty": 7 }, { "sku": "IQZ340003/37/30", "type": "refund", "qty": 10 }, { "sku": "IQZ340003/37/30", "type": "refund", "qty": 7 }, { "sku": "DOK019240/66/49", "type": "order", "qty": 10 }, { "sku": "PQW737989/43/91", "type": "order", "qty": 10 }, { "sku": "SMJ806557/56/05", "type": "order", "qty": 8 }, { "sku": "HGG795032/35/91", "type": "refund", "qty": 0 }, { "sku": "ILJ610772/87/04", "type": "order", "qty": 8 }, { "sku": "SJH146913/58/03", "type": "order", "qty": 6 }, { "sku": "SAL508741/19/43", "type": "order", "qty": 9 }, { "sku": "SRF164713/20/36", "type": "refund", "qty": 1 }, { "sku": "WUU364727/47/81", "type": "order", "qty": 6 }, { "sku": "EMN370166/29/48", "type": "order", "qty": 2 }, { "sku": "FZV366142/87/47", "type": "order", "qty": 10 }, { "sku": "JPT097835/14/99", "type": "order", "qty": 7 }, { "sku": "EEB324132/63/63", "type": "order", "qty": 0 }, { "sku": "TVV531854/13/03", "type": "order", "qty": 3 }, { "sku": "NMK838808/89/94", "type": "order", "qty": 2 }, { "sku": "YGU851012/53/29", "type": "order", "qty": 7 }, { "sku": "GXC407349/62/88", "type": "order", "qty": 10 }, { "sku": "SCN373096/15/63", "type": "order", "qty": 5 }, { "sku": "KDM516407/46/14", "type": "order", "qty": 8 }, { "sku": "SJH146913/58/03", "type": "order", "qty": 0 }, { "sku": "NDW013510/50/42", "type": "order", "qty": 6 }, { "sku": "NDW013510/50/42", "type": "order", "qty": 8 }, { "sku": "APM103457/39/27", "type": "order", "qty": 9 }, { "sku": "NAX148363/42/24", "type": "refund", "qty": 9 }, { "sku": "SXV420098/71/68", "type": "order", "qty": 5 }, { "sku": "KED089097/68/09", "type": "order", "qty": 9 }, { "sku": "GKQ314619/44/04", "type": "order", "qty": 6 }, { "sku": "MRP846986/84/16", "type": "order", "qty": 3 }, { "sku": "PWX000842/03/47", "type": "order", "qty": 7 }, { "sku": "DDB197432/70/91", "type": "order", "qty": 10 }, { "sku": "ILJ610772/87/04", "type": "order", "qty": 4 }, { "sku": "MQI908424/70/79", "type": "order", "qty": 8 }, { "sku": "HXL707218/62/28", "type": "refund", "qty": 8 }, { "sku": "PRO481716/07/95", "type": "refund", "qty": 5 }, { "sku": "CLQ274846/07/46", "type": "order", "qty": 6 }, { "sku": "OMH974988/04/66", "type": "order", "qty": 6 }, { "sku": "PRO481716/07/95", "type": "order", "qty": 3 }, { "sku": "MQO013465/10/41", "type": "order", "qty": 4 }, { "sku": "AFF976624/30/90", "type": "order", "qty": 5 }, { "sku": "SVP461621/17/23", "type": "order", "qty": 5 }, { "sku": "BAJ526361/18/08", "type": "order", "qty": 1 }, { "sku": "YKT849667/75/10", "type": "order", "qty": 7 }, { "sku": "YKT849667/75/10", "type": "order", "qty": 4 }, { "sku": "KSS894454/75/76", "type": "refund", "qty": 8 }, { "sku": "NJL093603/01/73", "type": "order", "qty": 9 }, { "sku": "VMH129044/23/71", "type": "order", "qty": 9 }, { "sku": "SVP461621/17/23", "type": "order", "qty": 1 }, { "sku": "XZF231780/94/75", "type": "order", "qty": 4 }, { "sku": "ZZY781086/99/42", "type": "order", "qty": 3 }, { "sku": "GXC407349/62/88", "type": "order", "qty": 6 }, { "sku": "DXQ324600/17/58", "type": "order", "qty": 1 }, { "sku": "KGD740425/40/48", "type": "order", "qty": 6 }, { "sku": "SAL508741/19/43", "type": "order", "qty": 7 }, { "sku": "ISF099639/86/90", "type": "order", "qty": 0 }, { "sku": "DHJ381555/46/84", "type": "order", "qty": 4 }, { "sku": "GXC407349/62/88", "type": "order", "qty": 7 }, { "sku": "BGZ200017/86/40", "type": "order", "qty": 7 }, { "sku": "QPD162093/97/59", "type": "order", "qty": 1 }, { "sku": "BLW357145/52/57", "type": "order", "qty": 5 }, { "sku": "BLW357145/52/57", "type": "order", "qty": 7 }, { "sku": "IQZ340003/37/30", "type": "order", "qty": 9 }, { "sku": "KGD740425/40/48", "type": "order", "qty": 0 }, { "sku": "RTA872532/57/24", "type": "order", "qty": 2 }, { "sku": "KGD740425/40/48", "type": "order", "qty": 1 }, { "sku": "DXQ324600/17/58", "type": "order", "qty": 4 }, { "sku": "IZP721309/74/90", "type": "order", "qty": 2 }, { "sku": "SJH146913/58/03", "type": "order", "qty": 4 }, { "sku": "DXQ324600/17/58", "type": "order", "qty": 3 }, { "sku": "KSS894454/75/76", "type": "order", "qty": 0 }, { "sku": "RCD438149/42/77", "type": "order", "qty": 2 }, { "sku": "WUU364727/47/81", "type": "refund", "qty": 1 }, { "sku": "MQO013465/10/41", "type": "order", "qty": 2 }, { "sku": "TVV531854/13/03", "type": "order", "qty": 9 }, { "sku": "QWP084011/40/33", "type": "order", "qty": 7 }, { "sku": "ULA310345/04/94", "type": "order", "qty": 3 }, { "sku": "ZZY781086/99/42", "type": "order", "qty": 10 }, { "sku": "HPL673886/40/76", "type": "order", "qty": 10 }, { "sku": "KSS894454/75/76", "type": "order", "qty": 6 }, { "sku": "HCN631514/18/05", "type": "order", "qty": 0 }, { "sku": "CPF246874/77/33", "type": "order", "qty": 7 }, { "sku": "XEU169192/11/27", "type": "order", "qty": 10 }, { "sku": "SJH146913/58/03", "type": "order", "qty": 8 }, { "sku": "EEB324132/63/63", "type": "order", "qty": 2 }, { "sku": "ZCP838287/58/07", "type": "order", "qty": 7 }, { "sku": "ZCP838287/58/07", "type": "order", "qty": 4 }, { "sku": "DOK019240/66/49", "type": "order", "qty": 0 }, { "sku": "JSZ454994/85/17", "type": "order", "qty": 5 }, { "sku": "TZH873296/06/42", "type": "order", "qty": 3 }, { "sku": "ULA310345/04/94", "type": "order", "qty": 6 }, { "sku": "HCN631514/18/05", "type": "order", "qty": 7 }, { "sku": "VYM838980/39/17", "type": "order", "qty": 8 }, { "sku": "ZZY781086/99/42", "type": "order", "qty": 0 }, { "sku": "ULA310345/04/94", "type": "order", "qty": 10 }, { "sku": "YKT849667/75/10", "type": "order", "qty": 7 }, { "sku": "HPX415896/42/97", "type": "order", "qty": 4 }, { "sku": "SXV420098/71/68", "type": "order", "qty": 6 }, { "sku": "UTF434696/37/18", "type": "order", "qty": 1 }, { "sku": "OPC383154/11/25", "type": "order", "qty": 2 }, { "sku": "YPU346838/42/51", "type": "refund", "qty": 7 }, { "sku": "LLG964262/20/67", "type": "order", "qty": 1 }, { "sku": "KPV897515/43/20", "type": "order", "qty": 4 }, { "sku": "WBF948633/60/34", "type": "order", "qty": 5 }, { "sku": "NPR640416/53/91", "type": "order", "qty": 8 }, { "sku": "BAJ526361/18/08", "type": "order", "qty": 7 }, { "sku": "DDB197432/70/91", "type": "order", "qty": 4 }, { "sku": "MMU823900/96/22", "type": "order", "qty": 8 }, { "sku": "AFF976624/30/90", "type": "order", "qty": 5 }, { "sku": "WNG145754/36/02", "type": "order", "qty": 3 }, { "sku": "MMU823900/96/22", "type": "order", "qty": 7 }, { "sku": "JPT097835/14/99", "type": "order", "qty": 5 }, { "sku": "CPF246874/77/33", "type": "order", "qty": 4 }, { "sku": "TVV531854/13/03", "type": "refund", "qty": 9 }, { "sku": "NPR640416/53/91", "type": "order", "qty": 4 }, { "sku": "GKQ314619/44/04", "type": "order", "qty": 0 }, { "sku": "QWP084011/40/33", "type": "order", "qty": 9 }, { "sku": "LRT321244/74/76", "type": "order", "qty": 2 }, { "sku": "EDI062104/16/63", "type": "order", "qty": 3 }, { "sku": "SXV420098/71/68", "type": "order", "qty": 6 }, { "sku": "ELK743612/34/57", "type": "order", "qty": 7 }, { "sku": "KSS894454/75/76", "type": "refund", "qty": 4 }, { "sku": "JGH448863/97/72", "type": "order", "qty": 5 }, { "sku": "WBF948633/60/34", "type": "order", "qty": 9 }, { "sku": "YGH750695/17/53", "type": "order", "qty": 4 }, { "sku": "HPX415896/42/97", "type": "order", "qty": 6 }, { "sku": "TZH873296/06/42", "type": "order", "qty": 2 }, { "sku": "JPT097835/14/99", "type": "order", "qty": 6 }, { "sku": "HCN631514/18/05", "type": "order", "qty": 3 }, { "sku": "SXB930757/87/87", "type": "order", "qty": 5 }, { "sku": "APM103457/39/27", "type": "refund", "qty": 7 }, { "sku": "SXK331510/08/41", "type": "order", "qty": 8 }, { "sku": "DXQ324600/17/58", "type": "order", "qty": 6 }, { "sku": "RCD438149/42/77", "type": "order", "qty": 8 }, { "sku": "AFF976624/30/90", "type": "order", "qty": 2 }, { "sku": "KSS894454/75/76", "type": "order", "qty": 5 }, { "sku": "BLW357145/52/57", "type": "order", "qty": 7 }, { "sku": "IQZ340003/37/30", "type": "order", "qty": 5 }, { "sku": "OPC383154/11/25", "type": "order", "qty": 10 }, { "sku": "BGZ200017/86/40", "type": "order", "qty": 0 }, { "sku": "OPC383154/11/25", "type": "order", "qty": 2 }, { "sku": "ELK743612/34/57", "type": "order", "qty": 10 }, { "sku": "DXQ324600/17/58", "type": "order", "qty": 7 }, { "sku": "DXQ324600/17/58", "type": "order", "qty": 9 }, { "sku": "EEB324132/63/63", "type": "order", "qty": 2 }, { "sku": "UMH915687/29/24", "type": "order", "qty": 3 }, { "sku": "QWP084011/40/33", "type": "refund", "qty": 6 }, { "sku": "OVY768503/84/79", "type": "order", "qty": 3 }, { "sku": "APM103457/39/27", "type": "order", "qty": 7 }, { "sku": "ZZY781086/99/42", "type": "order", "qty": 10 }, { "sku": "HXL707218/62/28", "type": "order", "qty": 2 }, { "sku": "VYM838980/39/17", "type": "order", "qty": 4 }, { "sku": "TZH873296/06/42", "type": "order", "qty": 8 }, { "sku": "ENN169733/05/69", "type": "order", "qty": 1 }, { "sku": "FKO136294/98/95", "type": "order", "qty": 1 }, { "sku": "YON323215/74/41", "type": "order", "qty": 7 }, { "sku": "QKH540824/67/11", "type": "order", "qty": 4 }, { "sku": "EMN370166/29/48", "type": "order", "qty": 4 }, { "sku": "XOE089797/10/74", "type": "order", "qty": 2 }, { "sku": "ULA310345/04/94", "type": "order", "qty": 9 }, { "sku": "XOE089797/10/74", "type": "order", "qty": 8 }, { "sku": "ELK743612/34/57", "type": "order", "qty": 1 }, { "sku": "LLG964262/20/67", "type": "order", "qty": 5 }, { "sku": "KGD740425/40/48", "type": "order", "qty": 5 }, { "sku": "KSS894454/75/76", "type": "order", "qty": 0 }, { "sku": "QQO675265/24/21", "type": "order", "qty": 4 }, { "sku": "ENN169733/05/69", "type": "order", "qty": 8 }, { "sku": "JPT097835/14/99", "type": "order", "qty": 7 }, { "sku": "SJH146913/58/03", "type": "order", "qty": 7 }, { "sku": "IZP721309/74/90", "type": "order", "qty": 2 }, { "sku": "LRT321244/74/76", "type": "order", "qty": 0 }, { "sku": "EDI062104/16/63", "type": "order", "qty": 10 }, { "sku": "NMK838808/89/94", "type": "order", "qty": 6 }, { "sku": "ZCP838287/58/07", "type": "order", "qty": 6 }, { "sku": "UMH915687/29/24", "type": "refund", "qty": 7 }, { "sku": "MMU823900/96/22", "type": "order", "qty": 2 }, { "sku": "OPC383154/11/25", "type": "order", "qty": 6 }, { "sku": "KZK692833/24/76", "type": "order", "qty": 3 }, { "sku": "JPT097835/14/99", "type": "order", "qty": 6 }, { "sku": "KED089097/68/09", "type": "order", "qty": 9 }, { "sku": "EMN370166/29/48", "type": "order", "qty": 1 }, { "sku": "JKF995902/28/73", "type": "refund", "qty": 8 }, { "sku": "KPV897515/43/20", "type": "order", "qty": 8 }, { "sku": "WUU364727/47/81", "type": "order", "qty": 0 }, { "sku": "WNG145754/36/02", "type": "order", "qty": 3 }, { "sku": "YPU346838/42/51", "type": "refund", "qty": 4 }, { "sku": "SRF164713/20/36", "type": "order", "qty": 7 }, { "sku": "TVV531854/13/03", "type": "order", "qty": 9 }, { "sku": "TIN917385/73/82", "type": "order", "qty": 7 }, { "sku": "BGZ200017/86/40", "type": "order", "qty": 10 }, { "sku": "PGL751486/42/83", "type": "order", "qty": 0 }, { "sku": "BGZ200017/86/40", "type": "order", "qty": 2 }, { "sku": "UTF434696/37/18", "type": "order", "qty": 8 }, { "sku": "PWX000842/03/47", "type": "order", "qty": 10 }, { "sku": "KED089097/68/09", "type": "order", "qty": 4 }, { "sku": "SJH146913/58/03", "type": "refund", "qty": 3 }, { "sku": "DXQ324600/17/58", "type": "order", "qty": 5 }, { "sku": "SVP461621/17/23", "type": "refund", "qty": 1 }, { "sku": "QKH540824/67/11", "type": "order", "qty": 5 }, { "sku": "JGH448863/97/72", "type": "order", "qty": 1 }, { "sku": "KED089097/68/09", "type": "order", "qty": 10 }, { "sku": "IZP721309/74/90", "type": "refund", "qty": 10 }, { "sku": "HPL673886/40/76", "type": "order", "qty": 3 }, { "sku": "YGH750695/17/53", "type": "refund", "qty": 4 }, { "sku": "YGU851012/53/29", "type": "order", "qty": 0 }, { "sku": "YPU346838/42/51", "type": "order", "qty": 10 }, { "sku": "RTA872532/57/24", "type": "order", "qty": 2 }, { "sku": "OYG464088/98/45", "type": "order", "qty": 10 }, { "sku": "TVU730483/47/65", "type": "order", "qty": 4 }, { "sku": "SVP461621/17/23", "type": "order", "qty": 2 }, { "sku": "RTA872532/57/24", "type": "refund", "qty": 4 }, { "sku": "PRO481716/07/95", "type": "order", "qty": 9 }, { "sku": "ZZY781086/99/42", "type": "order", "qty": 0 }, { "sku": "DHJ381555/46/84", "type": "order", "qty": 4 }, { "sku": "ILJ610772/87/04", "type": "order", "qty": 0 }, { "sku": "ILJ610772/87/04", "type": "refund", "qty": 0 }, { "sku": "GXC407349/62/88", "type": "refund", "qty": 7 }, { "sku": "KSS894454/75/76", "type": "order", "qty": 4 }, { "sku": "SXK331510/08/41", "type": "order", "qty": 2 }, { "sku": "APM103457/39/27", "type": "order", "qty": 4 }, { "sku": "APM103457/39/27", "type": "order", "qty": 4 }, { "sku": "PGL751486/42/83", "type": "order", "qty": 10 }, { "sku": "XOE089797/10/74", "type": "order", "qty": 0 }, { "sku": "QPD162093/97/59", "type": "order", "qty": 5 }, { "sku": "OMH974988/04/66", "type": "order", "qty": 6 }, { "sku": "KZK692833/24/76", "type": "order", "qty": 4 }, { "sku": "KSS894454/75/76", "type": "order", "qty": 5 }, { "sku": "NJL093603/01/73", "type": "order", "qty": 9 }, { "sku": "PRO481716/07/95", "type": "order", "qty": 1 }, { "sku": "CLQ274846/07/46", "type": "order", "qty": 10 }, { "sku": "NJL093603/01/73", "type": "refund", "qty": 3 }, { "sku": "UTF434696/37/18", "type": "refund", "qty": 8 }, { "sku": "TIN917385/73/82", "type": "order", "qty": 3 }, { "sku": "ZCP838287/58/07", "type": "order", "qty": 7 }, { "sku": "IQZ340003/37/30", "type": "order", "qty": 1 }, { "sku": "ILJ610772/87/04", "type": "order", "qty": 2 }, { "sku": "ELK743612/34/57", "type": "order", "qty": 0 }, { "sku": "SVP461621/17/23", "type": "order", "qty": 2 }, { "sku": "GPV709367/41/53", "type": "order", "qty": 10 }, { "sku": "IQZ340003/37/30", "type": "order", "qty": 5 }, { "sku": "QQO675265/24/21", "type": "order", "qty": 4 }, { "sku": "SRF164713/20/36", "type": "order", "qty": 0 }, { "sku": "CLQ274846/07/46", "type": "order", "qty": 2 }, { "sku": "QPD162093/97/59", "type": "order", "qty": 6 }, { "sku": "TIN917385/73/82", "type": "order", "qty": 8 }, { "sku": "GXC407349/62/88", "type": "order", "qty": 7 }, { "sku": "GKQ314619/44/04", "type": "refund", "qty": 10 }, { "sku": "OVY768503/84/79", "type": "order", "qty": 8 }, { "sku": "DHJ138836/02/43", "type": "order", "qty": 0 }, { "sku": "HXL707218/62/28", "type": "order", "qty": 0 }, { "sku": "HPL673886/40/76", "type": "order", "qty": 4 }, { "sku": "NMK838808/89/94", "type": "order", "qty": 8 }, { "sku": "MMU823900/96/22", "type": "refund", "qty": 10 }, { "sku": "TZH873296/06/42", "type": "order", "qty": 0 }, { "sku": "DDB197432/70/91", "type": "order", "qty": 8 }, { "sku": "SXB930757/87/87", "type": "order", "qty": 5 }, { "sku": "OVY768503/84/79", "type": "order", "qty": 8 }, { "sku": "OMH974988/04/66", "type": "order", "qty": 9 }, { "sku": "JGH448863/97/72", "type": "order", "qty": 7 }, { "sku": "DDB197432/70/91", "type": "order", "qty": 0 }, { "sku": "TZH873296/06/42", "type": "order", "qty": 1 }, { "sku": "RCD438149/42/77", "type": "order", "qty": 2 }, { "sku": "YKT849667/75/10", "type": "order", "qty": 2 }, { "sku": "BLW357145/52/57", "type": "order", "qty": 3 }, { "sku": "XOE089797/10/74", "type": "order", "qty": 0 }, { "sku": "FKO136294/98/95", "type": "order", "qty": 6 }, { "sku": "SRF164713/20/36", "type": "order", "qty": 7 }, { "sku": "KPV897515/43/20", "type": "order", "qty": 0 }, { "sku": "WBF948633/60/34", "type": "order", "qty": 5 }, { "sku": "QKH540824/67/11", "type": "refund", "qty": 9 }, { "sku": "KPV897515/43/20", "type": "refund", "qty": 8 }, { "sku": "JSZ454994/85/17", "type": "order", "qty": 6 }, { "sku": "XEU169192/11/27", "type": "refund", "qty": 2 }, { "sku": "WUU364727/47/81", "type": "refund", "qty": 8 }, { "sku": "CPF246874/77/33", "type": "order", "qty": 8 }, { "sku": "DXQ324600/17/58", "type": "order", "qty": 1 }, { "sku": "DXQ324600/17/58", "type": "order", "qty": 9 }, { "sku": "ILJ610772/87/04", "type": "order", "qty": 7 }, { "sku": "PGL751486/42/83", "type": "order", "qty": 2 }, { "sku": "BLW357145/52/57", "type": "order", "qty": 3 }, { "sku": "GXC407349/62/88", "type": "order", "qty": 3 }, { "sku": "YKT849667/75/10", "type": "order", "qty": 6 }, { "sku": "KSS894454/75/76", "type": "order", "qty": 1 }, { "sku": "EMN370166/29/48", "type": "order", "qty": 7 }, { "sku": "OPC383154/11/25", "type": "order", "qty": 10 }, { "sku": "XZF231780/94/75", "type": "order", "qty": 10 }, { "sku": "GPV709367/41/53", "type": "order", "qty": 5 }, { "sku": "GPV709367/41/53", "type": "order", "qty": 9 }, { "sku": "MQO013465/10/41", "type": "order", "qty": 2 }, { "sku": "ENN169733/05/69", "type": "order", "qty": 0 }, { "sku": "APM103457/39/27", "type": "order", "qty": 2 }, { "sku": "ENN169733/05/69", "type": "order", "qty": 5 }, { "sku": "BLW357145/52/57", "type": "order", "qty": 9 }, { "sku": "QKH540824/67/11", "type": "order", "qty": 9 }, { "sku": "QPD162093/97/59", "type": "order", "qty": 5 }, { "sku": "IQZ340003/37/30", "type": "refund", "qty": 3 }, { "sku": "SXB930757/87/87", "type": "order", "qty": 4 }, { "sku": "KDM516407/46/14", "type": "order", "qty": 7 }, { "sku": "TIN917385/73/82", "type": "order", "qty": 4 }, { "sku": "LCF762340/73/78", "type": "order", "qty": 5 }, { "sku": "JKF995902/28/73", "type": "order", "qty": 3 }, { "sku": "HGG795032/35/91", "type": "order", "qty": 7 }, { "sku": "JKF995902/28/73", "type": "order", "qty": 0 }, { "sku": "YGH750695/17/53", "type": "order", "qty": 0 }, { "sku": "BAJ526361/18/08", "type": "order", "qty": 2 }, { "sku": "MMU823900/96/22", "type": "order", "qty": 10 }, { "sku": "XOE089797/10/74", "type": "order", "qty": 1 }, { "sku": "XEU169192/11/27", "type": "order", "qty": 0 }, { "sku": "EMN370166/29/48", "type": "order", "qty": 1 }, { "sku": "VMH129044/23/71", "type": "order", "qty": 6 }, { "sku": "NDW013510/50/42", "type": "order", "qty": 0 }, { "sku": "JPT097835/14/99", "type": "order", "qty": 6 }, { "sku": "UTF434696/37/18", "type": "order", "qty": 7 }, { "sku": "BLW357145/52/57", "type": "order", "qty": 7 }, { "sku": "HPX415896/42/97", "type": "order", "qty": 10 }, { "sku": "ZZY781086/99/42", "type": "order", "qty": 5 }, { "sku": "DHJ381555/46/84", "type": "order", "qty": 5 }, { "sku": "XZF231780/94/75", "type": "order", "qty": 5 }, { "sku": "NSW555582/99/27", "type": "order", "qty": 10 }, { "sku": "HPL673886/40/76", "type": "order", "qty": 6 }, { "sku": "LRT321244/74/76", "type": "order", "qty": 0 }, { "sku": "SRF164713/20/36", "type": "refund", "qty": 4 }, { "sku": "BLW357145/52/57", "type": "refund", "qty": 3 }, { "sku": "VMH129044/23/71", "type": "order", "qty": 7 }, { "sku": "QQO675265/24/21", "type": "order", "qty": 5 }, { "sku": "DXQ324600/17/58", "type": "order", "qty": 4 }, { "sku": "YGU851012/53/29", "type": "order", "qty": 2 }, { "sku": "ULA310345/04/94", "type": "order", "qty": 10 }, { "sku": "LRT321244/74/76", "type": "order", "qty": 6 }, { "sku": "YGH750695/17/53", "type": "order", "qty": 8 }, { "sku": "LRT321244/74/76", "type": "order", "qty": 7 }, { "sku": "LRT321244/74/76", "type": "order", "qty": 3 }, { "sku": "SXB930757/87/87", "type": "order", "qty": 6 }, { "sku": "GPV709367/41/53", "type": "order", "qty": 1 }, { "sku": "DXQ324600/17/58", "type": "order", "qty": 7 }, { "sku": "HXL707218/62/28", "type": "order", "qty": 7 }, { "sku": "UMH915687/29/24", "type": "order", "qty": 1 }, { "sku": "APM103457/39/27", "type": "order", "qty": 6 }, { "sku": "KSS894454/75/76", "type": "order", "qty": 8 }, { "sku": "JKF995902/28/73", "type": "order", "qty": 2 }, { "sku": "NPR640416/53/91", "type": "order", "qty": 4 }, { "sku": "NPR640416/53/91", "type": "refund", "qty": 9 }, { "sku": "UTF434696/37/18", "type": "order", "qty": 2 }, { "sku": "NMK838808/89/94", "type": "order", "qty": 1 }, { "sku": "NJL093603/01/73", "type": "order", "qty": 4 }, { "sku": "KGD740425/40/48", "type": "order", "qty": 5 }, { "sku": "KSS894454/75/76", "type": "refund", "qty": 3 }, { "sku": "SCN373096/15/63", "type": "order", "qty": 8 }, { "sku": "XZF231780/94/75", "type": "order", "qty": 5 }, { "sku": "VYM838980/39/17", "type": "order", "qty": 0 }, { "sku": "YGU851012/53/29", "type": "order", "qty": 9 }, { "sku": "FZV366142/87/47", "type": "order", "qty": 7 }, { "sku": "SJH146913/58/03", "type": "order", "qty": 9 }, { "sku": "XZF231780/94/75", "type": "order", "qty": 7 }, { "sku": "RCD438149/42/77", "type": "order", "qty": 8 }, { "sku": "UTF434696/37/18", "type": "order", "qty": 4 }, { "sku": "BAJ526361/18/08", "type": "order", "qty": 5 }, { "sku": "GKQ314619/44/04", "type": "order", "qty": 1 }, { "sku": "NJL093603/01/73", "type": "order", "qty": 7 }, { "sku": "RTA872532/57/24", "type": "order", "qty": 0 }, { "sku": "DHJ138836/02/43", "type": "order", "qty": 6 }, { "sku": "SRF164713/20/36", "type": "order", "qty": 8 }, { "sku": "PWX000842/03/47", "type": "order", "qty": 8 }, { "sku": "DHJ381555/46/84", "type": "order", "qty": 3 }, { "sku": "QWP084011/40/33", "type": "order", "qty": 10 }, { "sku": "JKF995902/28/73", "type": "order", "qty": 10 }, { "sku": "YKT849667/75/10", "type": "order", "qty": 2 }, { "sku": "QQO675265/24/21", "type": "refund", "qty": 7 }, { "sku": "MMU823900/96/22", "type": "order", "qty": 6 }, { "sku": "KED089097/68/09", "type": "order", "qty": 4 }, { "sku": "HGG795032/35/91", "type": "order", "qty": 10 }, { "sku": "ZES180290/58/46", "type": "order", "qty": 6 }, { "sku": "HPX415896/42/97", "type": "order", "qty": 0 }, { "sku": "DHJ138836/02/43", "type": "order", "qty": 3 }, { "sku": "OMH974988/04/66", "type": "order", "qty": 9 }, { "sku": "KDM516407/46/14", "type": "refund", "qty": 2 }, { "sku": "MMU823900/96/22", "type": "order", "qty": 7 }, { "sku": "YKT849667/75/10", "type": "order", "qty": 0 }, { "sku": "TVU730483/47/65", "type": "order", "qty": 9 }, { "sku": "JKF995902/28/73", "type": "order", "qty": 1 }, { "sku": "PWX000842/03/47", "type": "order", "qty": 0 }, { "sku": "MRP846986/84/16", "type": "order", "qty": 4 }, { "sku": "LLG964262/20/67", "type": "order", "qty": 2 }, { "sku": "VYM838980/39/17", "type": "order", "qty": 8 }, { "sku": "LRT321244/74/76", "type": "order", "qty": 5 }, { "sku": "ZCP838287/58/07", "type": "order", "qty": 10 }, { "sku": "BLW357145/52/57", "type": "order", "qty": 9 }, { "sku": "RIR591697/29/61", "type": "order", "qty": 6 }, { "sku": "ULA310345/04/94", "type": "order", "qty": 5 }, { "sku": "IZP721309/74/90", "type": "order", "qty": 3 }, { "sku": "KSS894454/75/76", "type": "order", "qty": 10 }, { "sku": "NMK838808/89/94", "type": "order", "qty": 4 }, { "sku": "VMH129044/23/71", "type": "order", "qty": 0 }, { "sku": "QPD162093/97/59", "type": "order", "qty": 5 }, { "sku": "ISF099639/86/90", "type": "order", "qty": 5 }, { "sku": "ZZY781086/99/42", "type": "order", "qty": 2 }, { "sku": "DXQ324600/17/58", "type": "order", "qty": 3 }, { "sku": "PGL751486/42/83", "type": "order", "qty": 7 }, { "sku": "GXC407349/62/88", "type": "order", "qty": 0 }, { "sku": "CPF246874/77/33", "type": "order", "qty": 2 }, { "sku": "FKO136294/98/95", "type": "order", "qty": 3 }, { "sku": "QWP084011/40/33", "type": "refund", "qty": 3 }, { "sku": "ISF099639/86/90", "type": "order", "qty": 7 }, { "sku": "NDW013510/50/42", "type": "order", "qty": 6 }, { "sku": "HPX415896/42/97", "type": "order", "qty": 7 }, { "sku": "SXK331510/08/41", "type": "order", "qty": 4 }, { "sku": "TZH873296/06/42", "type": "order", "qty": 2 }, { "sku": "NPR640416/53/91", "type": "refund", "qty": 4 }, { "sku": "QWP084011/40/33", "type": "order", "qty": 5 }, { "sku": "HGG795032/35/91", "type": "order", "qty": 0 }, { "sku": "PGL751486/42/83", "type": "order", "qty": 5 }, { "sku": "TVU730483/47/65", "type": "order", "qty": 3 }, { "sku": "CLQ274846/07/46", "type": "order", "qty": 7 }, { "sku": "BLW357145/52/57", "type": "order", "qty": 8 }, { "sku": "WUU364727/47/81", "type": "order", "qty": 8 }, { "sku": "GXC407349/62/88", "type": "order", "qty": 7 }, { "sku": "KDM516407/46/14", "type": "order", "qty": 10 }, { "sku": "QQO675265/24/21", "type": "order", "qty": 7 }, { "sku": "PWX000842/03/47", "type": "order", "qty": 5 }, { "sku": "MRP846986/84/16", "type": "order", "qty": 8 }, { "sku": "UMH915687/29/24", "type": "order", "qty": 3 }, { "sku": "HXL707218/62/28", "type": "order", "qty": 6 }, { "sku": "WNG145754/36/02", "type": "refund", "qty": 5 }, { "sku": "TZH873296/06/42", "type": "order", "qty": 0 }, { "sku": "BLW357145/52/57", "type": "order", "qty": 1 }, { "sku": "FKO136294/98/95", "type": "order", "qty": 1 }, { "sku": "KSS894454/75/76", "type": "refund", "qty": 6 }, { "sku": "IZP721309/74/90", "type": "order", "qty": 1 }, { "sku": "RIR591697/29/61", "type": "order", "qty": 1 }, { "sku": "SJH146913/58/03", "type": "order", "qty": 8 }, { "sku": "KZK692833/24/76", "type": "order", "qty": 7 }, { "sku": "ISF099639/86/90", "type": "order", "qty": 9 }, { "sku": "TZH873296/06/42", "type": "order", "qty": 6 }, { "sku": "NSW555582/99/27", "type": "order", "qty": 8 }, { "sku": "MQO013465/10/41", "type": "order", "qty": 6 }, { "sku": "ZZY781086/99/42", "type": "order", "qty": 9 }, { "sku": "ZZY781086/99/42", "type": "order", "qty": 1 }, { "sku": "TVV531854/13/03", "type": "order", "qty": 7 }, { "sku": "UMH915687/29/24", "type": "order", "qty": 3 }, { "sku": "SMJ806557/56/05", "type": "order", "qty": 1 }, { "sku": "WBF948633/60/34", "type": "order", "qty": 5 }, { "sku": "SAL508741/19/43", "type": "order", "qty": 1 }, { "sku": "ULA310345/04/94", "type": "order", "qty": 10 }, { "sku": "RCD438149/42/77", "type": "order", "qty": 5 }, { "sku": "IQZ340003/37/30", "type": "order", "qty": 9 }, { "sku": "NDW013510/50/42", "type": "order", "qty": 10 }, { "sku": "UMH915687/29/24", "type": "order", "qty": 9 }, { "sku": "ENN169733/05/69", "type": "order", "qty": 4 }, { "sku": "NJL093603/01/73", "type": "order", "qty": 10 }, { "sku": "YPU346838/42/51", "type": "order", "qty": 10 }, { "sku": "HXL707218/62/28", "type": "order", "qty": 7 }, { "sku": "WUU364727/47/81", "type": "refund", "qty": 3 }, { "sku": "JGH448863/97/72", "type": "order", "qty": 7 }, { "sku": "HPX415896/42/97", "type": "order", "qty": 9 }, { "sku": "ZZY781086/99/42", "type": "order", "qty": 8 }, { "sku": "LLG964262/20/67", "type": "order", "qty": 6 }, { "sku": "LCF762340/73/78", "type": "order", "qty": 9 }, { "sku": "SAL508741/19/43", "type": "order", "qty": 7 }, { "sku": "MRP846986/84/16", "type": "order", "qty": 1 }, { "sku": "NJL093603/01/73", "type": "order", "qty": 10 }, { "sku": "EEB324132/63/63", "type": "order", "qty": 6 }, { "sku": "HPL673886/40/76", "type": "order", "qty": 3 }, { "sku": "YPU346838/42/51", "type": "order", "qty": 3 }, { "sku": "WBF948633/60/34", "type": "order", "qty": 2 }, { "sku": "WBF948633/60/34", "type": "order", "qty": 6 }, { "sku": "JKF995902/28/73", "type": "refund", "qty": 4 }, { "sku": "IQZ340003/37/30", "type": "order", "qty": 10 }, { "sku": "FKO136294/98/95", "type": "refund", "qty": 4 }, { "sku": "QKH540824/67/11", "type": "order", "qty": 9 }, { "sku": "XZF231780/94/75", "type": "refund", "qty": 8 }, { "sku": "HCN631514/18/05", "type": "order", "qty": 5 }, { "sku": "LRT321244/74/76", "type": "order", "qty": 8 }, { "sku": "ZZY781086/99/42", "type": "order", "qty": 2 }, { "sku": "KSS894454/75/76", "type": "order", "qty": 7 }, { "sku": "FZV366142/87/47", "type": "order", "qty": 4 }, { "sku": "TVV531854/13/03", "type": "order", "qty": 8 }, { "sku": "TVV531854/13/03", "type": "order", "qty": 0 }, { "sku": "APM103457/39/27", "type": "order", "qty": 4 }, { "sku": "YKT849667/75/10", "type": "order", "qty": 0 }, { "sku": "NMK838808/89/94", "type": "order", "qty": 1 }, { "sku": "NAX148363/42/24", "type": "order", "qty": 7 }, { "sku": "FKO136294/98/95", "type": "order", "qty": 5 }, { "sku": "RCD438149/42/77", "type": "order", "qty": 10 }, { "sku": "MMU823900/96/22", "type": "order", "qty": 2 }, { "sku": "YKT849667/75/10", "type": "order", "qty": 2 }, { "sku": "TIN917385/73/82", "type": "order", "qty": 6 }, { "sku": "TZH873296/06/42", "type": "order", "qty": 10 }, { "sku": "DXQ324600/17/58", "type": "order", "qty": 0 }, { "sku": "ZES180290/58/46", "type": "order", "qty": 7 }, { "sku": "WNG145754/36/02", "type": "order", "qty": 8 }, { "sku": "BLW357145/52/57", "type": "order", "qty": 9 }, { "sku": "UMH915687/29/24", "type": "order", "qty": 9 }, { "sku": "DHJ381555/46/84", "type": "refund", "qty": 4 }, { "sku": "RCD438149/42/77", "type": "order", "qty": 9 }, { "sku": "SRF164713/20/36", "type": "order", "qty": 10 }, { "sku": "DHJ381555/46/84", "type": "refund", "qty": 3 }, { "sku": "APM103457/39/27", "type": "order", "qty": 6 }, { "sku": "PRO481716/07/95", "type": "order", "qty": 5 }, { "sku": "OYG464088/98/45", "type": "order", "qty": 4 }, { "sku": "UMH915687/29/24", "type": "order", "qty": 9 }, { "sku": "PQW737989/43/91", "type": "order", "qty": 2 }, { "sku": "FKO136294/98/95", "type": "order", "qty": 8 }, { "sku": "IQZ340003/37/30", "type": "order", "qty": 3 }, { "sku": "LTV719449/39/39", "type": "refund", "qty": 9 }, { "sku": "NDW013510/50/42", "type": "refund", "qty": 9 }, { "sku": "QWP084011/40/33", "type": "order", "qty": 2 }, { "sku": "TVU730483/47/65", "type": "refund", "qty": 1 }]
